pid,doi_wrong,doi_fixed
67552,10.5555/2926400.2926403,10.1111/mice.12128
63663,10.5555/3163896.3163903,10.1111/mice.12280
16360,10.18154/rwth-2025-03152,10.1186/s12544-024-00701-w
16363,10.18154/rwth-2025-10185,10.1016/j.jpubtr.2025.100143
59385,10.5555/3196158.3196225,10.1109/tits.2017.2784093
59672,10.5555/3196158.3196215,10.1109/tits.2017.2752461
59673,10.5555/3196158.3196226,10.1109/tits.2017.2784486
24931,10.5281/zenodo.17979704,10.1109/tits.2024.3445156
16361,10.18154/rwth-2025-09087,10.1016/j.trip.2025.101677
92791,10.5555/1247201.1247211,10.1287/trsc.1060.0170
82594,10.5555/1953109.1953116,10.1287/trsc.1100.0334
82595,10.5555/1984942.1984948,10.1287/trsc.1100.0362
71139,10.5555/3218730.3218734,10.1287/trsc.2014.0535
