venue_short,pref,n,share,year_min,year_max,doi_missing_share
AAP,10.1016,8543,0.999298163527898,1969,2025,0.011562030292519366
AAP,10.11648,6,0.0007018364721020002,2016,2021,0.011562030292519366
AMAR,10.1016,275,1.0,2013,2025,0.0
CACIE,10.1111,2427,0.9991766158913133,1986,2025,0.002054231717337716
CACIE,10.5555,2,0.0008233841086867024,2016,2017,0.002054231717337716
CommTR,10.1016,181,1.0,2021,2025,0.0
ETRR,10.1186,452,0.6183310533515732,2018,2025,0.0
ETRR,10.1007,278,0.3803009575923393,2008,2018,0.0
ETRR,10.18154,1,0.0013679890560875513,2025,2025,0.0
GEIT,10.1016,223,1.0,2022,2025,0.0
IJST,10.1080,982,1.0,2007,2025,0.001017293997965412
IJTST,10.1016,558,0.8519083969465648,2015,2025,0.006069802731411229
IJTST,10.1260,97,0.1480916030534351,2012,2015,0.006069802731411229
ITS Mag,10.1109,773,1.0,2009,2025,0.005148005148005148
JICV,10.26599,72,0.5217391304347826,2023,2025,0.0
JICV,10.1108,66,0.4782608695652174,2018,2022,0.0
JPT,10.5038,528,0.7987897125567323,1996,2021,0.0
JPT,10.1016,132,0.19969742813918306,2022,2025,0.0
JPT,10.18154,1,0.0015128593040847202,2025,2025,0.0
JTG,10.1016,3804,1.0,1993,2025,0.004709576138147566
JTTE,10.1016,674,0.9985185185185185,2014,2025,0.0
JTTE,10.1007,1,0.0014814814814814814,2019,2019,0.0
JUM,10.1016,167,1.0,2021,2025,0.0
OJ-ITS,10.1109,362,1.0,2020,2025,0.0
RTBM,10.1016,1236,1.0,2011,2025,0.0
RailEng,10.1007,204,1.0,2020,2025,0.0
T-ITS,10.1109,10516,0.9996197718631179,1998,2025,0.008762838028832563
T-ITS,10.5555,3,0.00028517110266159697,2018,2018,0.008762838028832563
T-ITS,10.5281,1,9.505703422053231e-05,2024,2024,0.008762838028832563
T-IV,10.1109,1945,1.0,2016,2025,0.003586065573770492
T-TE,10.1109,3712,1.0,2015,2025,0.005625502276989017
TBS,10.1016,1114,1.0,2014,2025,0.0017921146953405018
TR-A,10.1016,4698,1.0,1992,2025,0.0076045627376425855
TR-B,10.1016,3610,1.0,1979,2025,0.004961411245865491
TR-C,10.1016,4682,1.0,1993,2025,0.002131287297527707
TR-D,10.1016,4491,1.0,1996,2025,0.0035500332815620148
TR-E,10.1016,3808,1.0,1997,2025,0.0015731515469323545
TR-F,10.1016,3439,1.0,1998,2025,0.0014518002322880372
TRIP,10.1016,1631,0.9993872549019608,2019,2025,0.000612369871402327
TRIP,10.18154,1,0.0006127450980392157,2025,2025,0.000612369871402327
TRR,10.3141,17206,0.6761238604212512,1996,2017,0.3084782608695652
TRR,10.1177,8239,0.32375825212197423,1996,2025,0.3084782608695652
TRR,10.1109,1,3.929581892486639e-05,1977,1977,0.3084782608695652
TRR,10.21949,1,3.929581892486639e-05,1991,1991,0.3084782608695652
TRR,10.5281,1,3.929581892486639e-05,1983,1983,0.3084782608695652
TransSci,10.1287,2317,0.998276604911676,1967,2025,0.012340425531914894
TransSci,10.5555,4,0.0017233950883239983,2006,2015,0.012340425531914894
TranspPol,10.1016,3523,1.0,1993,2025,0.00480225988700565
TranspRev,10.1080,1498,1.0,1981,2025,0.01706036745406824
VT Mag,10.1109,945,1.0,2006,2025,0.02577319587628866
eTransp,10.1016,458,1.0,2019,2025,0.0
