venue_short,event_year,event_type,confidence,note,source_url,retrieved_date
TransSci,1967,founding,high,vol.1 no.1 1967-02; ORSA Transportation Science Section,,
TransSci,1995,publisher_change,medium,섹션 발행주체 ORSA→INFORMS (도서관 서지 기록),,
TRR,1963,founding,high,Highway Research Record로 창간 (TRB),,
TRR,1974,rename,high,Transportation Research Record로 개명 (No.480),,
TRR,2000,rename,high,부제 Journal of the TRB 추가 (No.1653),,
TRR,2018,publisher_change,high,SAGE 제휴 (첫 SAGE 호는 2018-01 TRB 연례회의),,
AAP,1969,founding,high,vol.1 no.1 1969-07 (Haight),,
AAP,1982,frequency_change,high,계간→격월간,,
AAP,2005,publisher_change,high,Pergamon→Elsevier (2005-05 호부터),,
TR-A,1979,split,high,Transportation Research에서 분리 (Part A: General),,
TR-A,1992,rename,low,Policy and Practice로 개명; 자료에 따라 1991 또는 1992,,
TR-B,1979,split,high,Transportation Research에서 분리,,
TR-B,2003,editor_change,medium,Mannering 편집장 2003-2012,,
TranspRev,1981,founding,high,vol.1 no.1 1981 Jan-Mar; Taylor & Francis,,
TranspRev,2004,frequency_change,medium,격월간 2004-,,
CACIE,1986,founding,high,Microcomputers in Civil Engineering으로 창간,,
CACIE,1998,rename_publisher,high,CACIE로 개명; Elsevier→Blackwell,,
JTG,1993,founding,high,영국·미국 교통지리학자가 창간; RGS 연계,,
TranspPol,1993,founding,high,vol.1 issue 1 1993-10,,
TranspPol,1999,parent_org,low,WCTRS 공식 학술지 지정 시기; 문서가 불명확,,
TR-C,1993,founding,high,Ritchie 창간; 서문 1993-03,,
JPT,1996,founding_oa,high,1996 가을 창간; 창간부터 오픈액세스; USF CUTR,,
JPT,2022,publisher_change,high,2022-01 Elsevier 인수,,
TR-D,1996,founding,high,1996 창간,,
TR-E,1997,rename,high,Logistics and Transportation Review를 이어받음 (vol.33),,
TR-E,2013,editor_change,medium,Talley(13년)에서 Sheu로 교체; 2013부터,,
TR-E,2024,volume_expansion,low,연 게재 수 299(2023)→434(2024)→555(2025); 제3자 집계라 공식 사건 아님,,
TR-F,1998,founding,high,vol.1 issue 1 1998-08,,
T-ITS,1999,parent_org,high,ITS Council 출범 1999-01-01,,
T-ITS,2000,founding,high,vol.1 no.1 2000-03 (계간); 코퍼스 E1(1997)과 불일치,,
T-ITS,2005,parent_org,high,Council에서 Society로 승격,,
VT Mag,2006,founding,medium,첫 호 2006 (IEEE 공지 2006-08),,
IJST,2007,founding,medium,Taylor & Francis 2007- (도서관 서지),,
ETRR,2008,founding,high,ECTRI 설립 2008,,
ETRR,2009,first_issue_oa,high,첫 논문 온라인 2009-01~03; 오픈액세스,,
ETRR,2015,apc_start,high,2015-01-01 APC 도입,,
ITS Mag,2009,founding,medium,2009부터 발행,,
RTBM,2009,announce,high,출범 2009; 첫 권은 2011,,
RTBM,2011,founding,high,첫 권 2011-08 (주제별 권),,
IJTST,2012,founding,high,vol.1 no.1 2012-03 (Multi-Science 인쇄판),,
IJTST,2016,publisher_change,high,소유권 Tongji대 이전; Elsevier 온라인 오픈액세스 발행,,
AMAR,2012,announce,medium,Mannering 창간 편집장 2012 시작,,
AMAR,2014,founding,medium,vol.1 2014 (코퍼스 E1 2013은 온라인 선공개 가능성),,
JTTE,2014,founding,high,vol.1 issue 1 2014-02; Chang'an대; 오픈액세스,,
TBS,2014,founding,medium,2014 창간 (Elsevier),,
T-TE,2015,founding,high,창간호 2015-06,,
T-IV,2016,founding,high,vol.1 no.1 2016-03,,
JICV,2018,founding_oa,high,2018 창간; 완전 오픈액세스 (Emerald; Tsinghua),,
JICV,2025,first_jif,high,2025-06 첫 JIF 7.8,,
JICV,2026,publisher_change,high,2026-02 TUP SciOpen 이전; 코퍼스 범위(2025) 밖,,
TRIP,2019,founding_oa,high,첫 논문 2019-08~09; Elsevier 오픈액세스,,
TRIP,2020,indexing,medium,DOAJ 등재 2020-03,,
eTransp,2019,founding_oa,medium,Elsevier 2019 창간; 오픈액세스,,
eTransp,2022,first_jif,low,JCR 2021(IF 1.65) 존재; 최초 여부 미확인,,
OJ-ITS,2020,founding_oa,high,창간호 2020-01; IEEE 골드 오픈액세스 신규 7종 중 하나,,
OJ-ITS,2020,indexing,medium,DOAJ 등재 2020-11-10,,
RailEng,1993,founding,medium,Journal of Modern Transportation으로 창간 (중국어 서지 정보),,
RailEng,2020,rename,high,JMT에서 개명; 범위 축소; 무료 오픈액세스; Springer,,
CommTR,2021,founding,high,2021-08-23 창간,,
CommTR,2024,first_jif,high,2024-06 첫 JIF 12.5,,
CommTR,2024,indexing,high,2024-12-05 SCIE·SSCI 등재,,
JUM,2021,founding_oa,medium,2021 창간; EIT Urban Mobility 후원; 완전 오픈액세스,,
GEIT,2022,founding_oa,high,vol.1 issue 1 2022-06; 오픈액세스; Elsevier,,
TR-E,1972,founding,medium,Logistics and Transportation Review vol.8 no.1 1972 (UBC); 이전 제목 Logistics Review에서 이어짐; 최초 창간 연도는 미확인,,
