venue_short,n_papers,max_share,E_share2,E_share5,E_share10,event_size,n_papers_at_large,E1_corpus_entry,E1_founding,entry_ruling,conflict,E1_effective_entry,pending,is_entry_event,is_event_eligible,is_large_event
TransSci,2315,1.0,1967.0,1967.0,1967.0,0.6496632996632997,25.0,1967,1967.0,,False,1967,False,False,False,False
TRR,36726,0.9072164948453608,1974.0,1974.0,1974.0,0.844881505077948,303.0,1967,1963.0,1967.0,True,1967,False,False,False,False
AAP,8582,0.7363636363636363,1969.0,1969.0,1969.0,0.5979969183359014,81.0,1969,1969.0,,False,1969,False,False,False,False
TR-B,3625,0.07967479674796749,1979.0,1979.0,,0.06233713299322974,32.0,1979,,,False,1979,False,False,False,False
TR-A,4734,0.09803921568627451,1992.0,1995.0,,0.04520504331784019,94.0,1979,,,False,1979,False,False,False,False
TranspRev,1523,0.03784570596797671,1981.0,,,0.027101990844794085,,1981,1981.0,,False,1981,False,False,False,False
CACIE,2434,0.05221518987341772,1986.0,,,0.040824533708135304,,1986,1986.0,,False,1986,False,False,False,False
JTG,3818,0.0659536541889483,1993.0,1993.0,,0.047649011384340634,53.0,1993,1993.0,,False,1993,False,False,False,False
TranspPol,3540,0.048207291352817115,1994.0,,,0.012728894795383411,,1993,1993.0,,False,1993,False,False,False,False
TR-C,4690,0.08003417829678154,2001.0,2013.0,,-0.00014077548168373033,170.0,1993,1993.0,,False,1993,False,False,True,True
TR-D,4503,0.07222078927005417,1998.0,2016.0,,0.009304491671025202,227.0,1996,1996.0,,False,1996,False,False,True,True
JPT,661,0.0182648401826484,,,,,,1996,1996.0,,False,1996,False,False,False,False
TR-E,3812,0.058326765003940996,1997.0,,,0.021227926907440093,,1997,1972.0,,True,1997,True,False,False,False
TR-F,3444,0.0799554565701559,2005.0,2018.0,,0.002195503969304135,359.0,1998,1998.0,,False,1998,False,False,True,True
T-ITS,10577,0.1866913123844732,2001.0,2011.0,2019.0,0.002197021271925746,156.0,2000,2000.0,,False,2000,False,True,True,True
VT Mag,960,0.027733333333333332,2009.0,,,0.00489115600342431,,2006,2006.0,,False,2006,False,True,True,False
IJST,983,0.020985401459854013,,,,,,2007,2007.0,,False,2007,False,True,False,False
ETRR,731,0.0157338148052618,,,,,,2008,2008.0,,False,2008,False,True,False,False
ITS Mag,772,0.02005057803468208,,,,,,2009,2009.0,,False,2009,False,True,False,False
RTBM,1236,0.026573584055849565,,,,,,2011,2011.0,,False,2011,False,True,False,False
IJTST,659,0.012193678228957026,,,,,,2012,2012.0,,False,2012,False,True,False,False
AMAR,275,0.006141618497109827,,,,,,2013,2014.0,,True,2013,True,True,False,False
TBS,1116,0.024624126908961763,2023.0,,,0.005667671105881067,,2014,2014.0,,False,2014,False,True,True,False
JTTE,674,0.016376122556788168,,,,,,2014,2014.0,,False,2014,False,True,False,False
T-TE,3715,0.09553687699775068,2019.0,2021.0,,0.026130967992996575,356.0,2015,2015.0,,False,2015,False,True,True,True
T-IV,1945,0.09541849177222683,2022.0,2023.0,,0.05824779851762165,542.0,2016,2016.0,,False,2016,False,True,True,True
JICV,138,0.004158964879852125,,,,,,2018,2018.0,,False,2018,False,True,False,False
TRIP,1633,0.04841797094921743,2020.0,,,0.01701817741898813,,2019,2019.0,,False,2019,False,True,True,False
eTransp,458,0.015313590811845513,,,,,,2019,2019.0,,False,2019,False,True,False,False
OJ-ITS,362,0.012048192771084338,,,,,,2020,2020.0,,False,2020,False,True,False,False
RailEng,204,0.0058551964868821076,,,,,,2020,1993.0,2020.0,True,2020,False,True,False,False
CommTR,181,0.007431595541042675,,,,,,2021,2021.0,,False,2021,False,True,False,False
JUM,167,0.007994595203242878,,,,,,2021,2021.0,,False,2021,False,True,False,False
GEIT,223,0.01058439364936381,,,,,,2022,2022.0,,False,2022,False,True,False,False
