venue_short,event_type,event_year,source_url,retrieved_date
TRR,rename,2000,https://trb.org/Publications/PubsTRRJournal.aspx?em=1,2026-10-06
T-ITS,founding,2000,https://consulta-ccn.prd.ibict.br/vufind/Record/53980c/Collection?lng=ja,2026-10-06
ETRR,founding,2008,https://etrr.springeropen.com/about,2026-10-06
RTBM,founding,2011,https://ideas.repec.org/a/gam/jpubli/v3y2015i3p174-189d54513.html,2026-10-06
IJTST,founding,2012,https://www.keaipublishing.com/en/journals/international-journal-of-transportation-science-and-technology/news/ijtst-journal-officially-indexed-in-ei/,2026-10-06
JTTE,founding,2014,https://portal.issn.org/resource/ISSN/2589-0379,2026-10-06
T-TE,founding,2015,https://portal.issn.org/resource/ISSN/2332-7782,2026-10-06
T-IV,founding,2016,https://portal.issn.org/resource/ISSN/2379-8904,2026-10-06
JICV,founding_oa,2018,https://portal.issn.org/resource/ISSN/2399-9802,2026-10-06
TRIP,founding_oa,2019,https://portal.issn.org/resource/ISSN/2590-1982,2026-10-06
OJ-ITS,founding_oa,2020,https://portal.issn.org/resource/ISSN/2687-7813,2026-10-06
RailEng,rename,2020,https://portal.issn.org/resource/ISSN/2662-4753,2026-10-06
CommTR,founding,2021,https://portal.issn.org/resource/ISSN/27724247,2026-10-06
GEIT,founding_oa,2022,https://portal.issn.org/resource/ISSN/2773-1537,2026-10-06
