pid,venue_short,year,title,doi_norm,rule
45093,ITS Mag,2021,道路車両のための交通管制システム技術:特許分析【JST・京大機械翻訳】,,JST·NICT 번역 레코드(꼬리표)
45095,TR-E,2021,オンラインB2B輸送マッチングプラットフォームのための勝者決定問題の解決【JST・京大機械翻訳】,,JST·NICT 번역 레코드(꼬리표)
45099,T-TE,2021,極端な学習機械ベース疑似分布モデルを用いた18650電池の内部短絡状態の定量化評価【JST・京大機械翻訳】,,JST·NICT 번역 레코드(꼬리표)
45100,ITS Mag,2021,多重信号交差点におけるV2I通信による連結車両のエコドライブ運転【JST・京大機械翻訳】,,JST·NICT 번역 레코드(꼬리표)
45105,TR-D,2021,"乗心地からの排出削減は如何にして排出を減らすか?中国,Chengduにおける時空間解析【JST・京大機械翻訳】",,JST·NICT 번역 레코드(꼬리표)
45106,T-TE,2021,三相インバータ駆動応用におけるMOSFETゲート酸化膜劣化のオンライン検出【JST・京大機械翻訳】,,JST·NICT 번역 레코드(꼬리표)
50681,TR-C,2020,UAV画像シーケンスを用いた混合交通流における車両安全空間を通したコンフリクト解析【JST・京大機械翻訳】,,JST·NICT 번역 레코드(꼬리표)
50682,AAP,2020,連結環境における左折操作の安全性を改善するための拡張現実感の評価:運転シミュレータ研究【JST・京大機械翻訳】,,JST·NICT 번역 레코드(꼬리표)
50683,T-TE,2020,準均一磁気結合を特徴とするドローン帯電領域拡張のための有効構成WPTシステム【JST・京大機械翻訳】,,JST·NICT 번역 레코드(꼬리표)
50685,TR-D,2020,IMO 2020のコンプライアンスに対する船舶オペレータの選択肢の決定要因【JST・京大機械翻訳】,,JST·NICT 번역 레코드(꼬리표)
50686,TR-D,2020,可能なOECD自動車旅行データ【JST・京大機械翻訳】,,JST·NICT 번역 레코드(꼬리표)
50688,JTG,2020,"拡張ノード場所モデルによるBRTステーションの持続可能性と土地利用統合の評価,テヘランのBRTステーションへの適用【JST・京大機械翻訳】",,JST·NICT 번역 레코드(꼬리표)
50689,JTG,2020,"都市バスとインフォーマルトランジットサービスの間のモード選択におけるユーザの社会経済的および旅行特性の役割:インド,Visakhapatnamにおける家庭調査からの教訓【JST・京大機械翻訳】",,JST·NICT 번역 레코드(꼬리표)
50690,T-IV,2020,2.5D環境における自律車両の2車線経路計画【JST・京大機械翻訳】,,JST·NICT 번역 레코드(꼬리표)
50691,T-TE,2020,共形写像を用いた双曲線フラックス障壁を持つSynrelおよびPmasynrel機械の磁場解析【JST・京大機械翻訳】,,JST·NICT 번역 레코드(꼬리표)
50693,JTG,2020,3つの主要アメリカ都市におけるUberサービスエリア拡大【JST・京大機械翻訳】,,JST·NICT 번역 레코드(꼬리표)
50695,TR-D,2020,アスファルト舗装の生産と施工時に発生するVOCの特性【JST・京大機械翻訳】,,JST·NICT 번역 레코드(꼬리표)
50696,VT Mag,2020,6G無線チャネル測定とモデル:傾向と課題【JST・京大機械翻訳】,,JST·NICT 번역 레코드(꼬리표)
50697,TR-E,2020,3階層サプライチェーンにおけるメーカの垂直統合戦略【JST・京大機械翻訳】,,JST·NICT 번역 레코드(꼬리표)
50698,AAP,2020,1年間の運転能力の高齢運転者の自己意識の変化【JST・京大機械翻訳】,,JST·NICT 번역 레코드(꼬리표)
55140,AAP,2019,"ノルウェー人集団におけるリスク認知,悩み,および歩行者行動【JST・京大機械翻訳】",,JST·NICT 번역 레코드(꼬리표)
55141,T-TE,2019,高速二重Statorスロット固体回転子軸方向磁束誘導電動機の設計と解析【JST・京大機械翻訳】,,JST·NICT 번역 레코드(꼬리표)
55143,VT Mag,2019,"AIにより可能となる将来の無線ネットワーク:挑戦,機会,および未解決問題【JST・京大機械翻訳】",,JST·NICT 번역 레코드(꼬리표)
55145,JTG,2019,中国における2つの隣接する都市間の観光空間構造に対する高速鉄道の影響:北京と天津【JST・京大機械翻訳】,,JST·NICT 번역 레코드(꼬리표)
59675,T-IV,2018,データ低減と危険な車線変更検出のための信号シンボル化による運転行動とトラフィックコンテキストの統合【JST・京大機械翻訳】,,JST·NICT 번역 레코드(꼬리표)
59678,T-IV,2018,四次Bスプライン曲線を用いた自律車両のための自動2車線経路生成【JST・京大機械翻訳】,,JST·NICT 번역 레코드(꼬리표)
63664,AAP,2017,道路ネットワーク上の二次衝突頻度の予測【Powered by NICT】,,JST·NICT 번역 레코드(꼬리표)
63665,T-TE,2017,V2GおよびG2V選択を組み込んだ多変量電気自動車経路選定問題の解法【Powered by NICT】,,JST·NICT 번역 레코드(꼬리표)
63666,AAP,2017,交通事象の重症度次元を求めて:交通錯綜指標としての拡張デルタV【Powered by NICT】,,JST·NICT 번역 레코드(꼬리표)
63667,AAP,2017,信号都市交差点のための2革新的設計を用いた潜在的速度低下のドライビング・シミュレータ評価【Powered by NICT】,,JST·NICT 번역 레코드(꼬리표)
63668,AAP,2017,"オーストラリアの河川,2002 2012におけるアルコールと溺死体におけるその貢献的役割【Powered by NICT】",,JST·NICT 번역 레코드(꼬리표)
63669,AAP,2017,夜間シフト後の通勤在宅前の10分間昼寝に関連した睡眠慣性:実験室シミュレーション研究【Powered by NICT】,,JST·NICT 번역 레코드(꼬리표)
63670,T-ITS,2017,パラメータ自己適応フレームワークを通した二次元密深さマップへの三次元LiDAR点群の変換【Powered by NICT】,,JST·NICT 번역 레코드(꼬리표)
63671,VT Mag,2017,TVWS動作の計算量の削減:ヨーロッパの規制への適合【Powered by NICT】,,JST·NICT 번역 레코드(꼬리표)
63672,T-ITS,2017,ノードベースボトルネック予測とV2X通信による増加した交通流【Powered by NICT】,,JST·NICT 번역 레코드(꼬리표)
63673,VT Mag,2017,自律運転に向けてより良い隊列走行制御:LTE端末間通信に適合する超低遅延要求を戦略【Powered by NICT】,,JST·NICT 번역 레코드(꼬리표)
63674,T-ITS,2017,M~2bmtによる車線検出システムのための自動グランドトルース生成と検証の強化されたアルゴリズム【Powered by NICT】,,JST·NICT 번역 레코드(꼬리표)
63675,T-TE,2017,AWD HEV(ハイブリッド電気自動車)のための最適μ‐推定に基づく回生ブレーキ戦略【Powered by NICT】,,JST·NICT 번역 레코드(꼬리표)
63676,AAP,2017,道路安全マニュアル(HSM)応用における更新校正係数の周波数を評価するためのBayes法【Powered by NICT】,,JST·NICT 번역 레코드(꼬리표)
63677,ITS Mag,2017,"BTNとTTBメトリックス,道路情報と自然交通データを用いた追突近衝突における一貫した脅威評価【Powered by NICT】",,JST·NICT 번역 레코드(꼬리표)
63678,T-ITS,2017,車車間とV2I通信を用いた速度予測に基づく実時間エネルギー管理戦略【Powered by NICT】,,JST·NICT 번역 레코드(꼬리표)
63679,T-ITS,2017,3次元輸送GISデータベースを用いたマルチレベル道路網における車両ナビゲーションのための角差分法【Powered by NICT】,,JST·NICT 번역 레코드(꼬리표)
63681,AAP,2017,1全より2半分である分割と圧密睡眠‐覚醒スケジュールに住む健康な成人男性で得られた睡眠量と品質の比較【Powered by NICT】,,JST·NICT 번역 레코드(꼬리표)
63682,AAP,2017,歩行者の安全に及ぼす道路網パターンの影響:ゾーンベースのBayes空間モデリングアプローチ【Powered by NICT】,,JST·NICT 번역 레코드(꼬리표)
63684,T-TE,2017,EV/HEVsのためのGaNH EMT及びSi MOSFET電力変換器のコモンモード電磁干渉特性に関する事例研究【Powered by NICT】,,JST·NICT 번역 레코드(꼬리표)
63685,AAP,2017,YouTubeに及ぼす運転者の眠気:内容分析【Powered by NICT】,,JST·NICT 번역 레코드(꼬리표)
63687,AAP,2017,監視A実用的アプローチ機械学習集団とヒトレビューを結合するための膨大な管理データベースの分類損傷物語【Powered by NICT】,,JST·NICT 번역 레코드(꼬리표)
63688,T-ITS,2017,Wi‐Fi位置決めシステムのための無線マップ構築手法の性能評価【Powered by NICT】,,JST·NICT 번역 레코드(꼬리표)
63689,T-ITS,2017,都市環境におけるMultirequest経路計画のための効率的なフレームワーク【Powered by NICT】,,JST·NICT 번역 레코드(꼬리표)
63690,AAP,2017,"カウントダウンタイマ,ビデオ監視と運転者のstop/go挙動:冬対夏【Powered by NICT】",,JST·NICT 번역 레코드(꼬리표)
63691,T-ITS,2017,路上車両軌道収集とシーンベースの車線変更解析:第1部【Powered by NICT】,,JST·NICT 번역 레코드(꼬리표)
63692,T-TE,2017,電気自動車のための新しい6スロット4極軸方向磁束切換永久磁石機【Powered by NICT】,,JST·NICT 번역 레코드(꼬리표)
63693,AAP,2017,高ビーム活性化中の3ヘッドライトシステムでの運転車両時の沿道ターゲットの運転者の検出【Powered by NICT】,,JST·NICT 번역 레코드(꼬리표)
63694,VT Mag,2017,5G世界開発[移動無線]【Powered by NICT】,,JST·NICT 번역 레코드(꼬리표)
63695,AAP,2017,スマートフォンGPSデータを用いたモントリオールにおける代用安全対策としてのサイクリスト減速速度【Powered by NICT】,,JST·NICT 번역 레코드(꼬리표)
63696,AAP,2017,SHRP2衝突に適用した反事実的シミュレーション:インテリジェント安全システムの安全性便益推定に及ぼす運転者行動モデルの影響【Powered by NICT】,,JST·NICT 번역 레코드(꼬리표)
63697,T-ITS,2017,夜間の安全運転のための遠赤外画像におけるオンラインブーストされたランダムFerns学習を用いた歩行者トラッキング【Powered by NICT】,,JST·NICT 번역 레코드(꼬리표)
63698,T-ITS,2017,ADS‐Bを保護するための方法:機密性フレームワークと段階的アイデンティティベース暗号化に基づく効率的な実現【Powered by NICT】,,JST·NICT 번역 레코드(꼬리표)
63699,T-TE,2017,高速鉄道における列車体を目的とした系統的EMTPインピーダンスのモデル化方式【Powered by NICT】,,JST·NICT 번역 레코드(꼬리표)
63700,AAP,2017,backover歩行者傷害の予防における逆転カメラと駐車センサ技術の有効性の実世界での評価【Powered by NICT】,,JST·NICT 번역 레코드(꼬리표)
63701,ITS Mag,2017,基地局を用いた誤差自動車共有GNSS疑似距離間の信頼性のある信頼領域を用いた協調的位置決め【Powered by NICT】,,JST·NICT 번역 레코드(꼬리표)
63702,VT Mag,2017,キャリアアグリゲーションの有用な影響:市販LTE‐Advancedネットワークのための韓国の測定研究【Powered by NICT】,,JST·NICT 번역 레코드(꼬리표)
63703,T-TE,2017,車両の高周波交流配電のための並列LEDストリングの電流バランシングを備えたValley‐Fillドライバ【Powered by NICT】,,JST·NICT 번역 레코드(꼬리표)
63704,T-TE,2017,電気パワートレインのためのPM同期機のための2設計手順【Powered by NICT】,,JST·NICT 번역 레코드(꼬리표)
63705,AAP,2017,重症度分布関数(SDF)キャリブレーション法の評価と最小大きさ要求を決定するためのモンテカルロシミュレーション解析【Powered by NICT】,,JST·NICT 번역 레코드(꼬리표)
63706,T-ITS,2017,個人と状況意識型マルチモーダル経路推奨:FAVOURアルゴリズム【Powered by NICT】,,JST·NICT 번역 레코드(꼬리표)
63707,T-TE,2017,包括的解析と1kW単離されたDCの比較 双方向EV充電システムのためのDCコンバータ【Powered by NICT】,,JST·NICT 번역 레코드(꼬리표)
63708,AAP,2017,運転席における要求空間静的および動的振動触覚代行(take‐over)の比較【Powered by NICT】,,JST·NICT 번역 레코드(꼬리표)
63709,AAP,2017,"オーストラリア,New South Walesにおける輸送とレクリエーションサイクリストのニアミス経験前向きコホート研究からの所見【Powered by NICT】",,JST·NICT 번역 레코드(꼬리표)
63710,AAP,2017,損傷重症度による道路衝突率を解析するための多変量ランダムパラメータTobitモデル【Powered by NICT】,,JST·NICT 번역 레코드(꼬리표)
63711,AAP,2017,カナダにおけるdrugged駆動の有病率と傾向【Powered by NICT】,,JST·NICT 번역 레코드(꼬리표)
63712,T-TE,2017,"電化交通システム,負荷動力学を考慮したのDC電力システムの安定性解析と能動的安定化【Powered by NICT】",,JST·NICT 번역 레코드(꼬리표)
63713,T-ITS,2017,EcoTrec 低減自動車排ガスへの新しいVANETに基づくアプローチ【Powered by NICT】,,JST·NICT 번역 레코드(꼬리표)
63716,T-TE,2017,高電圧利得昇圧共振DCの設計と解析 輸送応用のためのDCコンバータ【Powered by NICT】,,JST·NICT 번역 레코드(꼬리표)
63717,AAP,2017,システム思考を用いた道路貨物輸送システムの改革:オーストラリアにおけるCoronial inquestsの研究【Powered by NICT】,,JST·NICT 번역 레코드(꼬리표)
63718,T-ITS,2017,ITSにおける階層とネットワーク化された車両調査:調査【Powered by NICT】,,JST·NICT 번역 레코드(꼬리표)
63719,AAP,2017,地方2車線道路上のタイプと重症度による事故の多変量Poisson対数正規モデル【Powered by NICT】,,JST·NICT 번역 레코드(꼬리표)
63720,T-ITS,2017,適応フォールトトレラントGOFアルゴリズムに基づくマルチセンサ航法システム【Powered by NICT】,,JST·NICT 번역 레코드(꼬리표)
63721,T-TE,2017,ハイブリッド電気パワートレインのための3相24/16スイッチドリラクタンスモータ【Powered by NICT】,,JST·NICT 번역 레코드(꼬리표)
63722,T-ITS,2017,路上車両軌道収集とシーンベースの車線変更解析II【Powered by NICT】,,JST·NICT 번역 레코드(꼬리표)
63723,AAP,2017,衝突タイプに基づいた交差点のホットスポットを同定するための多変量Poisson対数正規空間的および時間的衝突モデルの比較【Powered by NICT】,,JST·NICT 번역 레코드(꼬리표)
63724,T-TE,2017,職場EV充電と再生可能エネルギーを用いた事務所建築のための2段階エネルギー管理【Powered by NICT】,,JST·NICT 번역 레코드(꼬리표)
63726,AAP,2017,歩行者事故をシミュレートするための6歳児の有限要素モデル【Powered by NICT】,,JST·NICT 번역 레코드(꼬리표)
63727,T-ITS,2017,"省スペース4WS4WD電気自動車のための新しいステアリングシステム:設計,モデル化及び路上テスト【Powered by NICT】",,JST·NICT 번역 레코드(꼬리표)
67553,AAP,2016,建設現場における安全性検査:システム思考法【Powered by NICT】,,JST·NICT 번역 레코드(꼬리표)
67554,VT Mag,2016,長期データ完全性の確保:ETCSデータ完全性要求適切なLTE機構を用いた好ましくない条件下でも実現できる【Powered by NICT】,,JST·NICT 번역 레코드(꼬리표)
67555,AAP,2016,異なる影響重症度での伝統的およびBMX式自転車用ヘルメットの衝撃応答【Powered by NICT】,,JST·NICT 번역 레코드(꼬리표)
67556,AAP,2016,デルファイ法とBayesネットワークを用いた発展途上国のための道路交通安全解析の代替法【Powered by NICT】,,JST·NICT 번역 레코드(꼬리표)
67557,AAP,2016,ベルギーにおける高等学校における被害者testimonialsに基づく道路安全教育プログラムの影響評価【Powered by NICT】,,JST·NICT 번역 레코드(꼬리표)
67558,T-TE,2016,"SFOC最小化,電力系統調整,補助推進を含む軸発電機システム設計と船舶運航改善【Powered by NICT】",,JST·NICT 번역 레코드(꼬리표)
67560,AAP,2016,地方州間高速道路衝突事故における運転者傷害度転帰分析:2レベルBayesロジスティック回帰解釈【Powered by NICT】,,JST·NICT 번역 레코드(꼬리표)
67561,AAP,2016,意図と大学生のdrowsy中駆動意欲:計画行動モデルの拡大理論の適用【Powered by NICT】,,JST·NICT 번역 레코드(꼬리표)
67562,AAP,2016,長期に関するヨーロッパにおけるGDPへの交通事故死亡率との関係【Powered by NICT】,,JST·NICT 번역 레코드(꼬리표)
67563,AAP,2016,短期数からの道路安全性性能測度とAA DT不確実性【Powered by NICT】,,JST·NICT 번역 레코드(꼬리표)
67565,VT Mag,2016,IEEE‐802.11[標準]のPHYおよびMAC層のための革新的なプロジェクト【Powered by NICT】,,JST·NICT 번역 레코드(꼬리표)
67566,VT Mag,2016,in vivo通信:植込み型デバイスの次世代に向けてのステップ【Powered by NICT】,,JST·NICT 번역 레코드(꼬리표)
67567,AAP,2016,初心運転者間の二次タスク関与中の眼球一瞥における12か月にわたる変化【Powered by NICT】,,JST·NICT 번역 레코드(꼬리표)
67568,AAP,2016,DWIとハイブリッド薬物治療裁判所プログラムへの参加後のDWI停止の確率をするか【Powered by NICT】,,JST·NICT 번역 레코드(꼬리표)
67569,TRR,2016,"起点,終点データに着目した米国・カナダ間2大国境検問所を通過した国際トラック移動特性の確性",,CJK 제목 + DOI 없음
67570,AAP,2016,トラック運転者の職業経験と交通accidents/nearミス事故【Powered by NICT】,,JST·NICT 번역 레코드(꼬리표)
67571,AAP,2016,2車線地方道路における衝突における交通制御装置の欠乏の影響【Powered by NICT】,,JST·NICT 번역 레코드(꼬리표)
67572,AAP,2016,インドにおける道路)の非都市部の積に及ぼす道路事故のM5モデルツリーに基づく予測モデリング【Powered by NICT】,,JST·NICT 번역 레코드(꼬리표)
67573,T-IV,2016,ストリング安定性要求に基づく協調ACCにおける遅延のPade近似【Powered by NICT】,,JST·NICT 번역 레코드(꼬리표)
67574,AAP,2016,二重ロバスト推定によるロンドンにおける道路事故の20mphゾーンの因果効果の定量化【Powered by NICT】,,JST·NICT 번역 레코드(꼬리표)
67575,AAP,2016,exemplumと道路安全モラル【Powered by NICT】,,JST·NICT 번역 레코드(꼬리표)
67576,AAP,2016,メッセージ設計と試験(SatMDT)へのステップアプローチ:説得健康メッセージの開発と評価を導くための概念的フレームワーク【Powered by NICT】,,JST·NICT 번역 레코드(꼬리표)
67577,VT Mag,2016,IoT[移動無線]のための新しい3GPP標準【Powered by NICT】,,JST·NICT 번역 레코드(꼬리표)
67578,TRR,2016,"大型貨物移動の燃料電池牽引における天然ガスの実行可能性 経済,効率および技術因子",,CJK 제목 + DOI 없음
67579,AAP,2016,「(2010)ブリティッシュコロンビア州における交通規制変化のメディア報告」の再版【Powered by NICT】,,JST·NICT 번역 레코드(꼬리표)
67581,T-IV,2016,速度の測定のみを用いたMAP支援による推測航法【Powered by NICT】,,JST·NICT 번역 레코드(꼬리표)
67582,AAP,2016,T交差点におけるオートバイとトラック間の衝突の予防における感覚と認知の目立ちやすさの役割【Powered by NICT】,,JST·NICT 번역 레코드(꼬리표)
67584,AAP,2016,標準化した現場飲酒運転検査(SFST)と認識機能の尺度,,CJK 제목 + DOI 없음
67586,AAP,2016,衝突予測モデルをrecalibratingに対するサンプルサイズのガイドライン:道路安全マニュアルのための勧告【Powered by NICT】,,JST·NICT 번역 레코드(꼬리표)
67587,AAP,2016,10代と高齢者における汎用運転挙動に及ぼす性格特性の異なる影響【Powered by NICT】,,JST·NICT 번역 레코드(꼬리표)
67588,T-IV,2016,RefineNet:自律運転のための精製オブジェクト検出器【Powered by NICT】,,JST·NICT 번역 레코드(꼬리표)
67589,AAP,2016,大麻障害の薬物認識エキスパート(DRE)検査特性【Powered by NICT】,,JST·NICT 번역 레코드(꼬리표)
67590,AAP,2016,運動学的車両データと離散Fourier変換を用いた安全上重要な事象の同定【Powered by NICT】,,JST·NICT 번역 레코드(꼬리표)
67591,AAP,2016,線事故の英国鉄道安全へのヒューマンファクタ解析と分類体系(HFACS)の応用【Powered by NICT】,,JST·NICT 번역 레코드(꼬리표)
67592,AAP,2016,Kings道路農村災害事故:道路安全性研究のための新しいアプローチ【Powered by NICT】,,JST·NICT 번역 레코드(꼬리표)
67593,AAP,2016,"我々の中のリスク:Centrelines,知覚リスク,と速度選択【Powered by NICT】",,JST·NICT 번역 레코드(꼬리표)
67594,AAP,2016,リスクプロファイルと通信選好を連結することによるリスクコミュニケーションにおける調整:若い運転者のスピード違反の1例【Powered by NICT】,,JST·NICT 번역 레코드(꼬리표)
67595,AAP,2016,交通衝突責任決定:危険性とDodgeモデル【Powered by NICT】,,JST·NICT 번역 레코드(꼬리표)
67596,T-IV,2016,地図に基づくビジョンシステムを用いたGNSS疑似距離とDopplersの逐次データ融合【Powered by NICT】,,JST·NICT 번역 레코드(꼬리표)
67597,AAP,2016,予測駆動攻撃性のdark triadの増分妥当性【Powered by NICT】,,JST·NICT 번역 레코드(꼬리표)
67598,AAP,2016,携帯電話使用と性別A運転シミュレータベース研究の影響下での運転者の衝突回避プロセスに基づく追突リスク評価モデル【Powered by NICT】,,JST·NICT 번역 레코드(꼬리표)
67599,AAP,2016,中国人サンプルにおけるドライバの怒り考察アンケート(DATQ)の検証【Powered by NICT】,,JST·NICT 번역 레코드(꼬리표)
67600,AAP,2016,中国長沙市における道路利用者による5交差点における赤色走行速度:観察研究【Powered by NICT】,,JST·NICT 번역 레코드(꼬리표)
67601,AAP,2016,条件自動運転後の重要ドライバ代行(take‐over)品質に及ぼす視覚認知負荷の影響する代行(take‐over)常にである【Powered by NICT】,,JST·NICT 번역 레코드(꼬리표)
67602,AAP,2016,外因性変数としての規則と規制の危険な条件を持つ構造方程式モデリングを用いた320種の石炭鉱山事故解析【Powered by NICT】,,JST·NICT 번역 레코드(꼬리표)
67603,T-ITS,2016,MEMS IMUと単一周波グローバルポジショニングシステム(GPS)受信機を用いた都市環境での高精度車両ナビゲーション,,CJK 제목 + DOI 없음
71142,TRR,2015,車両アドホック情報網から安全運転を警告する際に適切な状況判定をするための観察‐運転者‐学習の手法を原理とする規範,,CJK 제목 + DOI 없음
71143,TRR,2015,"1993~2013年の米国民間航空ショーでの墜落事故 負荷,致命的なリスク要因及び航空機墜落のリスク指標の評価",,CJK 제목 + DOI 없음
74506,TRR,2014,"輸送費解析 米国の東部湾岸沿岸内水路,アーカンソー川,およびレッドリバー",,CJK 제목 + DOI 없음
74507,TRR,2014,Connected Vehicle Technologyによる公共輸送信号優先,,CJK 제목 + DOI 없음
74508,TRR,2014,オーストラリアのニューサウスウェールズ州で入院した若い運転者と同乗者の拘束具の使用と傷害パターン | 文献情報 | J-GLOBAL 科学技術総合リンクセンター,,J-GLOBAL 레코드
74509,TRR,2014,米国障害者法のコスト削減と交通機関旅行訓練により増加した固定ルートの乗客:カリフォルニア州のRiverside Transit Agencyの事例,,CJK 제목 + DOI 없음
77364,ITS Mag,2013,[Conference Calendar],10.1109/mits.2012.2231212,표지·목차·칼럼 등 비연구
77434,TRR,2013,"トラックの重量-距離税データのためのスマートフォン用付随機能 貨物輸送モデリング,性能指標,及び計画立案のためのスマートフォン上の重量-距離税データの評価",,CJK 제목 + DOI 없음
77437,TRR,2013,安全性と取り扱いの容易さのためにAASHTO T 97コンクリート曲げ強さ試験の試験片を小型化する,,CJK 제목 + DOI 없음
77438,T-ITS,2013,Food Safety and Trust:- Focusing on Livestock Products -,,제목:- 부제 - 형식 + DOI 없음
80026,TR-C,2012,競合リスク評価に基づいた空域設計のためのフレームワーク パート2:空域戦術計画のための競合リスク評価モデル,,CJK 제목 + DOI 없음
80106,TRR,2012,"メキシコシティー(メキシコ)の輸送活動,エネルギー利用,およびカーボンフットプリントにおける傾向",,CJK 제목 + DOI 없음
80107,TRR,2012,大容量の空港における集中型タクシー配車管理における挑戦:ニューヨーク市のJohn F. Kennedy国際空港の事例研究,,CJK 제목 + DOI 없음
80109,TRR,2012,適応型信号制御の性能尺度 system-in-the-Loopシミュレーションのケーススタディ,,CJK 제목 + DOI 없음
80110,TRR,2012,"Gippsの車両追従モデルの30年: 応用,開発,および新機能",,CJK 제목 + DOI 없음
80114,T-ITS,2012,Simulation for Nuclear Safety Assurance:- Role and Limitation -,,제목:- 부제 - 형식 + DOI 없음
80115,T-ITS,2012,"Dilemma between ""Ideal Healthcare"" and ""Present Healthcare"":- Considering Health Policy after the Great East Japan Earthquake and Disaster at Fukushima Dai-Ichi Nuclear Plant -",,제목:- 부제 - 형식 + DOI 없음
80116,TRR,2012,Braking News:衝突の厳しさと衝突回避操作の間の関連,,CJK 제목 + DOI 없음
80117,T-ITS,2012,Picture of the Cover:Toward the Future,,표지·목차·칼럼 등 비연구
80118,T-ITS,2012,Toward an Integrated Approach for Natural Disasters and Global Environmental Problems:- Lessons from the Great Earthquake disasters in the East Japan and some key environmental issues in Monsoon Asia -,,제목:- 부제 - 형식 + DOI 없음
82596,TRR,2011,"活動と交通行動に対する情報通信技術と仮想活動の影響のモデリング エジプト,カイロのケーススタディ",,CJK 제목 + DOI 없음
82599,TR-B,2011,混合多項式プロビットモデルのための最大近似合成限界尤度(MACML)推定子のシミュレーション評価,,CJK 제목 + DOI 없음
82600,TR-B,2011,混合多項式プロビットモデルのための最大近似合成限界尤度(MACML)推定子のシミュレーション評価 | 文献情報 | J-GLOBAL 科学技術総合リンクセンター,,J-GLOBAL 레코드
82602,TRR,2011,"ライフサイクルコスト分析に基づく道路修復のための舗装の選択 カリフォルニア州間高速道路710プロジェクト,フェーズ1の検証",,CJK 제목 + DOI 없음
82604,T-ITS,2011,The Multilayered and Soft Regional Integration:- The East Asian Regional Integration and the European Union; Collaboration making from reality in 21st century -,,제목:- 부제 - 형식 + DOI 없음
82605,T-ITS,2011,遺言──国会議員の選ばれ方:会長の独り言 Vol.15,,CJK 제목 + DOI 없음
82606,T-ITS,2011,天皇陛下ご即位20 年と育志賞:会長の独り言 Vol.12,,CJK 제목 + DOI 없음
82609,TRR,2011,高度道路交通システムインフラストラクチャにおける大規模な改良を評価するための評価手法の開発 マサチューセッツ州のI-91プロジェクト,,CJK 제목 + DOI 없음
82610,TRR,2011,バージンアスファルト舗装と再生アスファルト舗装を比較するための長期舗装性能検討プログラムへの特定舗装研究実験5によるデータの利用長期舗装パフォーマンスのプログラムで特定の舗装の研究 | 文献情報 | J-GLOBAL 科学技術総合リンクセンター,,J-GLOBAL 레코드
84938,TRR,2010,"地下鉄の生産性,収益性及び性能 5都市の物語",,CJK 제목 + DOI 없음
84940,TRR,2010,"イリノイ州,Chicagoにおける高速道路の交通混雑課金制 運転手の考えは?",,CJK 제목 + DOI 없음
84942,TRR,2010,"トラックの生産性,効率,エネルギー消費,および二酸化炭素排出量-国際パフォーマンスのベンチマーキング",,CJK 제목 + DOI 없음
84943,T-ITS,2010,1年間どうかお付き合い下さい:会長の独り言 予告編,,CJK 제목 + DOI 없음
84949,TRR,2010,コンクリート舗装設計のための路盤エロージョンに関する試験方法とモデルの開発 | 文献情報 | J-GLOBAL 科学技術総合リンクセンター,,J-GLOBAL 레코드
84951,TRR,2010,"改装した橋梁欄干の構造解析,設計および試験ーテキサス州Llanoの歴史に残るRoy B.Inks鋼トラス橋",,CJK 제목 + DOI 없음
84952,TRR,2010,短い左折ポケットを有する信号交差点における持続サービス率(Sustaind Service Rate)の推定 メソスコピックアプローチ,,CJK 제목 + DOI 없음
86867,TRR,2009,MATSim(マルチ‐エージェント輸送シミュレーション)によるショッピング・レジャー活動のための場所選択モデリング,,CJK 제목 + DOI 없음
86869,TRR,2009,"世界のモデル化文献の調査 自動車旅行距離と温室効果ガスの減少に資する輸送,土地利用,及び交通価格政策",,CJK 제목 + DOI 없음
86871,TRR,2009,"3つの舗装の騒音,摩擦特性に関する長期モニタリング 密粒度アスファルト,砕石マスチックアスファルト,開粒度摩擦層",,CJK 제목 + DOI 없음
86873,T-ITS,2009,Next Generation Fuel Cells:- Towards Practical Applications of Polymer Electrolyte Fuel Cells -,,제목:- 부제 - 형식 + DOI 없음
86876,TRR,2009,Chip Sealメンテナンス 舗装表面のブリージングとフラッシュした舗装面に対する解決策,,CJK 제목 + DOI 없음
88557,TRR,2008,輸送に対する考え方を用いたマーケット・セグメンテーション 男性と女性の相違の調査,,CJK 제목 + DOI 없음
90275,TRR,2007,土地利用シナリオ「DevelopeR」 実用的な土地利用モデルは確率論的なマイクロシミュレーション・フレームワークを使用,,CJK 제목 + DOI 없음
90278,TRR,2007,"私が何を考えるかについて,あなたに話そう 市民がどのようにして価格設定を認めるかに関する全国的レビュー",,CJK 제목 + DOI 없음
92792,TRR,2006,混雑する高速道路区間における走行遅延における車線変更操作の影響 パイロット・スタディ,,CJK 제목 + DOI 없음
92793,TRR,2006,現代の都市幹線道路の設計 ミネアポリス(ミネソタ州)のLake通りから習得され教訓,,CJK 제목 + DOI 없음
92795,TRR,2006,New York市のバス・ラピッド・トランジット 交通路評価とスクリーニング,,CJK 제목 + DOI 없음
92797,TRR,2006,バリュープライシングの教育とアウトリーチ・モデル I-394号MnPASSコミュニティ対策委員会,,CJK 제목 + DOI 없음
92802,TRR,2006,未熟な10代の運転者と経験豊富な成人運転者の目線(Eyeglance)挙動,,CJK 제목 + DOI 없음
95128,TRR,2005,左折経路交差-対向のシナリオにおける交差点のドライバー時間ギャップ・アクセプタンスの観察,,CJK 제목 + DOI 없음
95130,TRR,2005,米国の陸路国境通過貿易を安全にそして促進する C-TPAT及びFASTの批判的分析,,CJK 제목 + DOI 없음
96382,TR-B,2004,時間枠を有する大型スケール・ダイヤル-乗車問題を解くための新しいリグレット挿入ヒューリスティック法,,CJK 제목 + DOI 없음
97823,TransSci,2003,Bibliographic Section,10.1287/trsc.37.4.471.23280,표지·목차·칼럼 등 비연구
97862,TRR,2003,"一軸圧縮を受けるアスファルトコンクリートの粘弾性,粘塑性,損傷モデル",,CJK 제목 + DOI 없음
97866,TRR,2003,超音波C-スキャン画像法 ポストテンションテンドンの腐食と空げきの探知法としての予備評価,,CJK 제목 + DOI 없음
97869,TRR,2003,品質管理-品質保証手法におけるCohenの重み付きカッパ統計 カナダブリティッシュコロンビア州におけるネットワークレベルの舗装表面状態調査契約への適用,,CJK 제목 + DOI 없음
97877,TRR,2003,交差点間の中間の単路(midblock)における横断歩行者の安全評価の方法論,,CJK 제목 + DOI 없음
99025,TransSci,2002,Bibliographic Section,10.1287/trsc.36.3.354.7825,표지·목차·칼럼 등 비연구
99099,TransSci,2002,Bibliographic Section,10.1287/trsc.36.1.144.577,표지·목차·칼럼 등 비연구
99143,TRR,2002,2車線道路に対するハイウェイ・キャパシティ・マニュアル2000の分析手法の現場評価 | 文献情報 | J-GLOBAL 科学技術総合リンクセンター,,J-GLOBAL 레코드
99144,TRR,2002,2車線道路に対するハイウェイ・キャパシティ・マニュアル2000の分析手法の現場評価,,CJK 제목 + DOI 없음
100361,TRR,2001,ダウエル荷重伝達システムの再適合試験におけるミネソタ加速載荷施設の使用 | 文献情報 | J-GLOBAL 科学技術総合リンクセンター,,J-GLOBAL 레코드
100362,TRR,2001,舗装温度計算のための数学的モデル 計算・測定された温度の比較,,CJK 제목 + DOI 없음
100363,TRR,2001,インタラクティブ道路安全デザインモデル(IHSDM)のドライバ挙動モデルを用いた計算技術,,CJK 제목 + DOI 없음
101544,TranspRev,2000,"陸上旅客輸送の競争と所有 第6回国際会議南アフリカケープタウン,1999年9月 2部 議題5.公共交通とインフラストラクチュアの保有と組織",,CJK 제목 + DOI 없음
102692,TRR,1999,平たくて細長い粒子の試験の精度 ASTM D4791とVDG‐40ビデオグレダー,,CJK 제목 + DOI 없음
102694,TRR,1999,交通シミュレーションモデルによるギャップ感応制御式押しボタン信号機の評価 | 文献情報 | J-GLOBAL 科学技術総合リンクセンター,,J-GLOBAL 레코드
102697,T-ITS,1999,"21世紀型「地域」の最適編成 行・財政改革, ビッグバン, 情報通信革命に呼応しての官庁, 広域市町村, および郵便局の一体化サイバー・システム",,CJK 제목 + DOI 없음
103751,TRR,1998,セルラー・オートマータ・マイクロシミュレーションから出現した基礎的歩行者交通流,,CJK 제목 + DOI 없음
104884,TransSci,1997,Bibliographic Section,10.1287/trsc.31.1.95,표지·목차·칼럼 등 비연구
104885,TransSci,1997,Bibliographic Section,10.1287/trsc.31.3.294,표지·목차·칼럼 등 비연구
104944,TRR,1997,サンディエゴにおけるスマート・コール・ボックス 現地実験,,CJK 제목 + DOI 없음
104949,TRR,1997,アスファルト舗装のクラック発生のHDM‐III確率破壊‐時間モデルを用いた長期舗装供用性データの評価,,CJK 제목 + DOI 없음
106511,TransSci,1996,Bibliographic Section,10.1287/trsc.30.3.270,표지·목차·칼럼 등 비연구
106799,TransSci,1996,Bibliographic Section,10.1287/trsc.30.2.175,표지·목차·칼럼 등 비연구
106884,TRR,1996,ハイウェイ・キャパシティ・マニュアルによる信号交差点の計画及び運用分析法の比較,,CJK 제목 + DOI 없음
107824,TransSci,1995,Bibliographic Section,10.1287/trsc.29.4.374,표지·목차·칼럼 등 비연구
107832,TRR,1995,"時空の概念 開発,意味,適用",,CJK 제목 + DOI 없음
108462,TransSci,1994,Bibliographic Section,10.1287/trsc.28.4.354,표지·목차·칼럼 등 비연구
108724,TransSci,1994,Bibliographic Section,10.1287/trsc.28.1.80,표지·목차·칼럼 등 비연구
108745,TRR,1994,Typar 3401の設置20年後の耐久性調査 Smyrna道路プロジェクト,,CJK 제목 + DOI 없음
109747,TRR,1993,ウェイ・イン・モーション・システムの応答特性に及ぼす車両軸配置の影響,,CJK 제목 + DOI 없음
109748,TRR,1993,ウェイ・イン・モーション・システムの応答特性に及ぼす車両軸配置の影響 | 文献情報 | J-GLOBAL 科学技術総合リンクセンター,,J-GLOBAL 레코드
110400,TransSci,1992,Bibliographic Section,10.1287/trsc.26.4.355,표지·목차·칼럼 등 비연구
110519,TransSci,1992,Bibliographic Section,10.1287/trsc.26.2.157,표지·목차·칼럼 등 비연구
110570,TRR,1992,アメリカ溶接協会の有資格溶接技能員 | 文献情報 | J-GLOBAL 科学技術総合リンクセンター,,J-GLOBAL 레코드
111275,TransSci,1991,Bibliographic Section,10.1287/trsc.25.4.317,표지·목차·칼럼 등 비연구
111403,TransSci,1991,Bibliographic Section,10.1287/trsc.25.2.169,표지·목차·칼럼 등 비연구
111529,TRR,1991,原位置ひずみからの荷重等価係数の計算におけるASTM E1049‐85の適用,,CJK 제목 + DOI 없음
111530,TRR,1991,原位置ひずみからの荷重等価係数の計算におけるASTM E1049-85の適用 | 文献情報 | J-GLOBAL 科学技術総合リンクセンター,,J-GLOBAL 레코드
111543,TRR,1991,"流水力,流路変動,洗掘による被害の受け易さに対する橋梁の評価",,CJK 제목 + DOI 없음
112207,TransSci,1990,Bibliographic Section,10.1287/trsc.24.1.79,표지·목차·칼럼 등 비연구
112208,TransSci,1990,Bibliographic Section,10.1287/trsc.24.2.159,표지·목차·칼럼 등 비연구
112209,TransSci,1990,Bibliographic Section,10.1287/trsc.24.4.308,표지·목차·칼럼 등 비연구
112914,TransSci,1989,Bibliographic Section,10.1287/trsc.23.1.58,표지·목차·칼럼 등 비연구
112915,TransSci,1989,Bibliographic Section,10.1287/trsc.23.2.146,표지·목차·칼럼 등 비연구
112917,TransSci,1989,Bibliographic Section,10.1287/trsc.23.3.224,표지·목차·칼럼 등 비연구
112918,TransSci,1989,Bibliographic Section,10.1287/trsc.23.4.300,표지·목차·칼럼 등 비연구
112999,TRR,1989,"遅延節約効果による平面交差点,ひし型立体交差,3層ひし型立体交差の利益・コスト分析",,CJK 제목 + DOI 없음
113581,TransSci,1988,Bibliographic Section,10.1287/trsc.22.1.74,표지·목차·칼럼 등 비연구
113582,TransSci,1988,Bibliographic Section,10.1287/trsc.22.3.226,표지·목차·칼럼 등 비연구
113583,TransSci,1988,Bibliographic Section,10.1287/trsc.22.4.289,표지·목차·칼럼 등 비연구
113664,TRR,1988,プレストレストコンクリート曲線箱形桁橋の非線形・時間依存性解析の桁モデル | 文献情報 | J-GLOBAL 科学技術総合リンクセンター,,J-GLOBAL 레코드
113698,TRR,1988,ケンタッキー州道路局のMays Ride Meter較正に慣性プロフィロメータの利用,,CJK 제목 + DOI 없음
114342,TransSci,1987,Bibliographic Section,10.1287/trsc.21.2.126,표지·목차·칼럼 등 비연구
114343,TransSci,1987,Bibliographic Section,10.1287/trsc.21.3.218,표지·목차·칼럼 등 비연구
114835,TransSci,1986,Bibliographic Section,10.1287/trsc.20.4.290,표지·목차·칼럼 등 비연구
114983,TransSci,1986,Bibliographic Section,10.1287/trsc.20.1.59,표지·목차·칼럼 등 비연구
114985,TransSci,1986,Bibliographic Section,10.1287/trsc.20.2.137,표지·목차·칼럼 등 비연구
114986,TransSci,1986,Bibliographic Section,10.1287/trsc.20.3.220,표지·목차·칼럼 등 비연구
115021,TRR,1986,"トラックのための国内路線網 発達,性能,見通し",,CJK 제목 + DOI 없음
115096,TRR,1986,"厳しい使用環境のためのRCC舗装 過去の実績,最近のプロジェクト及び推奨施工法",,CJK 제목 + DOI 없음
115252,TransSci,1985,Bibliographic Section,10.1287/trsc.19.4.463,표지·목차·칼럼 등 비연구
115607,TransSci,1985,Bibliographic Section,10.1287/trsc.19.1.94,표지·목차·칼럼 등 비연구
115609,TransSci,1985,Bibliographic Section,10.1287/trsc.19.3.321,표지·목차·칼럼 등 비연구
116271,TransSci,1984,Bibliographic Section,10.1287/trsc.18.2.203,표지·목차·칼럼 등 비연구
116273,TransSci,1984,Bibliographic Section,10.1287/trsc.18.3.303,표지·목차·칼럼 등 비연구
118478,TRR,1981,凍上試験における自己冷却機器(SRU)の評価,,CJK 제목 + DOI 없음
119007,TRR,1980,ダウンタウン・ピープル・ムーバー(DPM)システムのシミュレーションモデルによるDPMの分析,,CJK 제목 + DOI 없음
119551,TRR,1979,シミュレーションによる交差点容量とサービス水準の解析 | 文献情報 | J-GLOBAL 科学技術総合リンクセンター,,J-GLOBAL 레코드
119601,TRR,1979,内陸水運航行シミュレーション・モデル:検証と評価,,CJK 제목 + DOI 없음
