year,nonfixed_share
1967,0.0
1968,0.0
1969,0.0
1970,0.0
1971,0.0
1972,0.0
1973,0.0
1974,0.0
1975,0.0
1976,0.0
1977,0.0
1978,0.0
1979,0.0
1980,0.0
1981,0.0
1982,0.0
1983,0.0
1984,0.0
1985,0.0
1986,0.0
1987,0.0
1988,0.0
1989,0.0
1990,0.0
1991,0.0
1992,0.0
1993,0.0
1994,0.0
1995,0.0
1996,0.004691164972634871
1997,0.015151515151515152
1998,0.004789272030651341
1999,0.013227513227513227
2000,0.005154639175257732
2001,0.017558528428093644
2002,0.015224358974358974
2003,0.013812154696132596
2004,0.016286644951140065
2005,0.014255543822597676
2006,0.03602232369355657
2007,0.0494047619047619
2008,0.043165467625899276
2009,0.07413333333333333
2010,0.05354810622551154
2011,0.06753990994678674
2012,0.07966616084977239
2013,0.09192200557103064
2014,0.10394697197951189
2015,0.09968669894616919
2016,0.1288959323824617
2017,0.13257673458859942
2018,0.14654788418708242
2019,0.17404197080291972
2020,0.23446531791907513
2021,0.22847576530612243
2022,0.2804990757855823
2023,0.336537122161861
2024,0.3569314549544217
2025,0.30503321698006985
