file,sha256,frozen_at,seed
EVENTS_FROZEN.csv,cf91c021410a053c606d7d49cb69873a19d1756b2df8863b83f0c830a2ea19d7,2026-10-06T17:09:25+09:00,2026
EVENTS_CATALOG_FROZEN.csv,a659173113ccf710887aed36ae81a8fde306aeda09f97fd84e79bfa4b6068d06,2026-10-06T17:09:25+09:00,2026
SCENARIO_CHANCE_FROZEN.csv,7617dbce30b7567144aaf86381fe16da8e1a5401942e7c33f3cd1b64fb5d329e,2026-10-06T17:09:25+09:00,2026
PRIMARY_SCENARIO_FROZEN.json,583e1f113d9315285321754dd1d1a3be7faee219311c8c22543a1ea7dc840efe,2026-10-06T17:09:25+09:00,2026
EXCLUDE_PIDS_FROZEN.csv,10262ec98308cc32025cd909bd8456b815a0340cd45b36177e1e3547ebe2f6a9,2026-10-06T17:09:25+09:00,2026
EVENTS_OVERRIDE_FROZEN.csv,e666e13cb3198edf4e7e08dc1eba3d5d2cd980d839d021d501fa73e93c00f6e5,2026-10-06T17:09:25+09:00,2026
REVIEW_FROZEN_AMAR_prefounding.csv,7315f81b143258381c06bf7fe507e56fac68f1db0b8c0fd4d862967180925984,2026-10-06T17:09:25+09:00,2026
REVIEW_FROZEN_RAREPREFIX_prefounding.csv,a7c643621eccedd8b25aea42609ebd685f758182bce8cc85ef8798701f488d55,2026-10-06T17:09:25+09:00,2026
REVIEW_FROZEN_T-ITS_prefounding.csv,e44c648a521c6fef971026bac78722f8f6f9b5d0a57ff90ca53527271e3c6170,2026-10-06T17:09:25+09:00,2026
