file,bytes,rows,cols,sha256,md5_10
F1_papers.csv,17373584,111685,12,9340e0369cb9a1f7b040fe949f57f69058867d459178dd4ea348e0f45283e288,3e63aca9cd
F2_author_paper.csv,13712431,282040,8,ff6920dcdcfbcf85a1af4f14b6b484b7ef0981963d91d01e30df911a0b825f08,4eabaeda88
F2_risk_names.csv,30909,1431,3,02eb8d1e88db92732ad42297017f463750a872fcabea79b955a7686404101ea1,7b75897acc
F3_author_period_venue_topic.csv,11918133,291488,5,57360c39584540287fd5bfb5c48940149519369075dd5e408044009cf0595dc8,e07edf98e4
F4_authors.csv,12433393,140553,16,17713949cd8767e734ffddb4fe65431eda3457a23d09ac432c8bf3b4ace349bd,2e54eb18cd
F5_continuing_authors.csv,569565,5065,15,96d12e6b8b96bd850fa9d0b21685dbfe0fcf7e186c62b103f62b4b23baea58b0,e6bc47343f
F6_topics.csv,20768,150,7,e21722a510d591d938c58b467edf0c3c921542f11f391774244d456689de6ec0,8affd24c48
F7_oa_author_ids.csv,7777583,141836,4,d8f0ad9388e69318ab64626c4ce18edf6073c62ff2abca946f94d64236698bcd,c134566c29
MANIFEST.csv,336,8,4,0dc98b625886454a281ea63d49dab4068dd7649397dff84b23911f63d5578c5a,cda9030073
