pid,venue_short,year,title,doi_norm,doi_prefix,venue_modal_prefix,decision,reason,cr_status,cr_container,cr_type,cr_year,cr_issn,ref_container,suggest
104948,T-ITS,1997,Chemistry in Asia:Traditions and New Horizons,,,10.1109,EXCLUDE,DOI 없음·비교통 내용·창간(2000) 이전,no_doi,,,,,ieee transactions on intelligent transportation systems,REVIEW
104953,T-ITS,1997,"Regarding the Standard of Evaluation of the Faculty:From the Questionnaire on ""Reform of University and the Younger Generation of Scholars""",,,10.1109,EXCLUDE,DOI 없음·비교통 내용·창간(2000) 이전,no_doi,,,,,ieee transactions on intelligent transportation systems,REVIEW
104957,T-ITS,1997,World Food Summit Committed to Reduce the Undernourished Population by Fifty Percent:The Expected Key would be Continous Efforts by Governments and NGOs in their Follow-up,,,10.1109,EXCLUDE,DOI 없음·비교통 내용·창간(2000) 이전,no_doi,,,,,ieee transactions on intelligent transportation systems,REVIEW
102926,T-ITS,1998,Emergency Vehicle Maneuvers and Control Laws for Automated Highway Systems,10.1109/tits.2002.801422,10.1109,10.1109,EXCLUDE,게재지는 T-ITS이나 F1 연도 1998≠Crossref 2002(연도 오류),200,IEEE Transactions on Intelligent Transportation Systems,journal-article,2002.0,1524-9050,ieee transactions on intelligent transportation systems,CHECK(창간 전인데 게재지 일치)
103750,T-ITS,1998,Address by the Prime Minister of Japan,,,10.1109,EXCLUDE,DOI 없음·비교통 내용·창간(2000) 이전,no_doi,,,,,ieee transactions on intelligent transportation systems,REVIEW
102686,T-ITS,1999,Battery for Electoric Car and Specialty Materials for Energy:From the Activities of the Division Committee for Functional and Composite Materrials,,,10.1109,EXCLUDE,DOI 없음·비교통 내용·창간(2000) 이전,no_doi,,,,,ieee transactions on intelligent transportation systems,REVIEW
102688,T-ITS,1999,"Report of Symposium on ""Environmental Issues and Education"":Based on research conducted by the three study committees",,,10.1109,EXCLUDE,DOI 없음·비교통 내용·창간(2000) 이전,no_doi,,,,,ieee transactions on intelligent transportation systems,REVIEW
102696,T-ITS,1999,"Science, Technology and Society:From Educational Perspective",,,10.1109,EXCLUDE,DOI 없음·비교통 내용·창간(2000) 이전,no_doi,,,,,ieee transactions on intelligent transportation systems,REVIEW
102697,T-ITS,1999,"21世紀型「地域」の最適編成 行・財政改革, ビッグバン, 情報通信革命に呼応しての官庁, 広域市町村, および郵便局の一体化サイバー・システム",,,10.1109,EXCLUDE,DOI 없음·비교통 내용·창간(2000) 이전,no_doi,,,,,ieee transactions on intelligent transportation systems,REVIEW
