pid,venue_short,year,title,doi_norm,doi_prefix,venue_modal_prefix,decision,reason,cr_status,cr_container,cr_type,cr_year,cr_issn,ref_container,suggest,tl_doi,tl_container,tl_year,tl_sim,suggest2
67302,AAP,2016,Changes in Body Weight Gain and Blood Hormonal Levels in Relation to Change in Age of Egyptian Male Buffaloes Calves from Birthing to Puberty,10.11648/j.aap.20160104.11,10.11648,10.1016,EXCLUDE,"비교통 주제(의학·축산 등), 희소 접두 10.11648, Crossref 404",404,,,,,accident analysis amp prevention,REVIEW,,,,,
55009,AAP,2019,The Role of Ras Oncogene Mutations in Acute Myeloid Leukemia Patients: A Meta-analysis Based on 2502 Cases,10.11648/j.aap.20180302.11,10.11648,10.1016,EXCLUDE,"비교통 주제(의학·축산 등), 희소 접두 10.11648, Crossref 404",404,,,,,accident analysis amp prevention,REVIEW,,,,,
50656,AAP,2020,A Possible Way to Improve the Quality of Speech Perception by Increasing the Number of Electrodes in a Cochlear Implant from 8 to 22,10.11648/j.aap.20200502.18,10.11648,10.1016,EXCLUDE,"비교통 주제(의학·축산 등), 희소 접두 10.11648, Crossref 404",404,,,,,accident analysis amp prevention,REVIEW,,,,,
44905,AAP,2021,Search for Quantitative Parameters of Scan Path of Image Viewing by Biologically Motivated Model,10.11648/j.aap.20210601.12,10.11648,10.1016,EXCLUDE,"비교통 주제(의학·축산 등), 희소 접두 10.11648, Crossref 404",404,,,,,accident analysis amp prevention,REVIEW,,,,,
45039,AAP,2021,Studying Resistance of Some Dairy Cattle Breeds to Heat Stress in Relation to Milk Yield,10.11648/j.aap.20210601.13,10.11648,10.1016,EXCLUDE,"비교통 주제(의학·축산 등), 희소 접두 10.11648, Crossref 404",404,,,,,accident analysis amp prevention,REVIEW,,,,,
45040,AAP,2021,"Thyme, Celery and Salinomycin Implication on Antioxidant Capacity and Neurotransmitters Related to Milk Production in Pregnant Barki Ewes",10.11648/j.aap.20210601.14,10.11648,10.1016,EXCLUDE,"비교통 주제(의학·축산 등), 희소 접두 10.11648, Crossref 404",404,,,,,accident analysis amp prevention,REVIEW,,,,,
67552,CACIE,2016,Semantic Enrichment for Building Information Modeling,10.5555/2926400.2926403,10.5555,10.1111,KEEP,"제목 조회로 게재지·연도 일치, DOI만 오류. 올바른 DOI=10.1111/mice.12128",404,,,,,computer aided civil and infrastructure engineering,REVIEW,10.1111/mice.12128,Computer-Aided Civil and Infrastructure Engineering,2016,1.0,"KEEP?(제목·게재지 일치, DOI만 오류)"
63663,CACIE,2017,Mountain Railway Alignment Optimization with Bidirectional Distance Transform and Genetic Algorithm,10.5555/3163896.3163903,10.5555,10.1111,KEEP,"제목 조회로 게재지·연도 일치, DOI만 오류. 올바른 DOI=10.1111/mice.12280",404,,,,,computer aided civil and infrastructure engineering,REVIEW,10.1111/mice.12280,Computer-Aided Civil and Infrastructure Engineering,2017,1.0,"KEEP?(제목·게재지 일치, DOI만 오류)"
16360,ETRR,2025,Improving urban delivery with extended cargo bikes: a simulation-based study on the impact of double-parking on urban traffic flow,10.18154/rwth-2025-03152,10.18154,10.1186,KEEP,"제목 조회로 게재지·연도 일치, DOI만 오류. 올바른 DOI=10.1186/s12544-024-00701-w",404,,,,,european transport research review,REVIEW,10.1186/s12544-024-00701-w,European Transport Research Review,2025,1.0,"KEEP?(제목·게재지 일치, DOI만 오류)"
16363,JPT,2025,Integrating demand-responsive services into public transport networks – Results from agent-based simulation of demand-responsive transport scenarios for the city of Aachen,10.18154/rwth-2025-10185,10.18154,10.5038,KEEP,"제목 조회로 게재지·연도 일치, DOI만 오류. 올바른 DOI=10.1016/j.jpubtr.2025.100143",404,,,,,journal of public transportation,REVIEW,10.1016/j.jpubtr.2025.100143,Journal of Public Transportation,2025,1.0,"KEEP?(제목·게재지 일치, DOI만 오류)"
54115,JTTE,2019,Simulating Bicycle Traffic by the Intelligent-Driver Model: Reproducing the Traffic-Wave Characteristics Observed in a Bicycle-Following Experiment,10.1007/978-3-030-11440-4_55,10.1007,10.1016,EXCLUDE,Crossref 게재지가 도서(Traffic and Granular Flow '17),200,Traffic and Granular Flow '17,book-chapter,2019.0,,journal of traffic and transportation engineering english edition,EXCLUDE?,,,,,
59385,T-ITS,2018,A New CNN-Based Method for Multi-Directional Car License Plate Detection,10.5555/3196158.3196225,10.5555,10.1109,KEEP,"제목 조회로 게재지·연도 일치, DOI만 오류. 올바른 DOI=10.1109/tits.2017.2784093",404,,,,,ieee transactions on intelligent transportation systems,REVIEW,10.1109/tits.2017.2784093,IEEE Transactions on Intelligent Transportation Systems,2018,1.0,"KEEP?(제목·게재지 일치, DOI만 오류)"
59672,T-ITS,2018,Self-localization based on visual lane marking maps,10.5555/3196158.3196215,10.5555,10.1109,KEEP,"제목 조회로 게재지·연도 일치, DOI만 오류. 올바른 DOI=10.1109/tits.2017.2752461",404,,,,,ieee transactions on intelligent transportation systems,REVIEW,10.1109/tits.2017.2752461,IEEE Transactions on Intelligent Transportation Systems,2018,0.66,EXCLUDE?/REVIEW
59673,T-ITS,2018,Multi-Perspective Tracking for Intelligent Vehicle,10.5555/3196158.3196226,10.5555,10.1109,KEEP,"제목 조회로 게재지·연도 일치, DOI만 오류. 올바른 DOI=10.1109/tits.2017.2784486",404,,,,,ieee transactions on intelligent transportation systems,REVIEW,10.1109/tits.2017.2784486,IEEE Transactions on Intelligent Transportation Systems,2018,1.0,"KEEP?(제목·게재지 일치, DOI만 오류)"
24931,T-ITS,2024,New Approach to Intelligent Pedestrian Detection and Signaling on Crosswalks — (Supplementary Material),10.5281/zenodo.17979704,10.5281,10.1109,KEEP,"제목 조회로 게재지·연도 일치, DOI만 오류. 올바른 DOI=10.1109/tits.2024.3445156",404,,,,,ieee transactions on intelligent transportation systems,REVIEW,10.1109/tits.2024.3445156,IEEE Transactions on Intelligent Transportation Systems,2024,0.87,EXCLUDE?/REVIEW
16361,TRIP,2025,Willing to wait? Acceptance of load management at e-vehicle charging stations,10.18154/rwth-2025-09087,10.18154,10.1016,KEEP,"제목 조회로 게재지·연도 일치, DOI만 오류. 올바른 DOI=10.1016/j.trip.2025.101677",404,,,,,transportation research interdisciplinary perspectives,REVIEW,10.1016/j.trip.2025.101677,Transportation Research Interdisciplinary Perspectives,2025,1.0,"KEEP?(제목·게재지 일치, DOI만 오류)"
120250,TRR,1977,A SIMULATION STUDY OF ALTERNATIVE REAL-TIME BUS HEADWAY CONTROL STRATEGIES,10.1109/jacc.1977.4170354,10.1109,10.3141,EXCLUDE,"제목 조회로 게재지·연도 검증 불가(TRR 1977~91, 분석 창 밖)",404,,,,,transportation research record journal of the transportation research board,REVIEW,10.1093/tse/tdaa017,Transportation Safety and Environment,2020,0.42,EXCLUDE?/REVIEW
117021,TRR,1983,Estimating the Effects of Residential Joint-Development Policies on Rail Transit Ridership,10.5281/zenodo.18819531,10.5281,10.3141,EXCLUDE,"제목 조회로 게재지·연도 검증 불가(TRR 1977~91, 분석 창 밖)",404,,,,,transportation research record journal of the transportation research board,REVIEW,10.3328/tl.2012.04.04.211-226,Transportation Letters,2012,0.49,EXCLUDE?/REVIEW
111183,TRR,1991,Design of Large Stone Asphalt Mixes for Low-Volume Roads Using Six-Inch Diameter Marshall Specimens,10.21949/1404495,10.21949,10.3141,EXCLUDE,"제목 조회로 게재지·연도 검증 불가(TRR 1977~91, 분석 창 밖)",404,,,,,transportation research record journal of the transportation research board,REVIEW,10.1520/jte11753j,Journal of Testing and Evaluation,1993,0.61,EXCLUDE?/REVIEW
92791,TransSci,2006,Optimal Slack Time for Schedule-Based Transit Operations,10.5555/1247201.1247211,10.5555,10.1287,KEEP,"제목 조회로 게재지·연도 일치, DOI만 오류. 올바른 DOI=10.1287/trsc.1060.0170",404,,,,,transportation science,REVIEW,10.1287/trsc.1060.0170,Transportation Science,2006,1.0,"KEEP?(제목·게재지 일치, DOI만 오류)"
82594,TransSci,2011,On the Use of Mixed RP/SP Models in Prediction,10.5555/1953109.1953116,10.5555,10.1287,KEEP,"제목 조회로 게재지·연도 일치, DOI만 오류. 올바른 DOI=10.1287/trsc.1100.0334",404,,,,,transportation science,REVIEW,10.1287/trsc.1100.0334,Transportation Science,2011,0.62,EXCLUDE?/REVIEW
82595,TransSci,2011,Routing Trains Through Railway Junctions,10.5555/1984942.1984948,10.5555,10.1287,KEEP,"제목 조회로 게재지·연도 일치, DOI만 오류. 올바른 DOI=10.1287/trsc.1100.0362",404,,,,,transportation science,REVIEW,10.1287/trsc.1100.0362,Transportation Science,2011,0.75,EXCLUDE?/REVIEW
71139,TransSci,2015,Branch-Price-and-Cut Algorithms for the Pickup and Delivery Problem with Time Windows and Last-in-First-Out Loading,10.5555/3218730.3218734,10.5555,10.1287,KEEP,"제목 조회로 게재지·연도 일치, DOI만 오류. 올바른 DOI=10.1287/trsc.2014.0535",404,,,,,transportation science,REVIEW,10.1287/trsc.2014.0535,Transportation Science,2015,1.0,"KEEP?(제목·게재지 일치, DOI만 오류)"
