scenario,설명,conf,n_events,n_years,chance_tol0,chance_tol1,exp_ii_k2,exp_ii_k3,exp_ii_k4,exp_ii_k5
S-A,S-A 창간,high,12,12,0.5238095238095238,0.8095238095238095,0.2653061224489795,0.37026239067055383,0.460224906289046,0.5373356339620393
S-B,S-B 창간+구조변경,high,14,12,0.5238095238095238,0.8095238095238095,0.2653061224489795,0.37026239067055383,0.460224906289046,0.5373356339620393
S-C,S-C 창간+구조+출판환경,high,20,14,0.6190476190476191,0.9523809523809523,0.26530612244897955,0.3702623906705539,0.460224906289046,0.5373356339620392
S-D,S-D 평판(첫 JIF·색인),high,3,2,0.0,0.047619047619047616,0.09297052154195018,0.1361624014685241,0.17729752520811815,0.21647383353154115
S-F,S-F 합집합,high,25,16,0.6190476190476191,0.9523809523809523,0.252996436669906,0.35354096287040887,0.44001580764040826,0.5144169339312894
S-A,S-A 창간,high+medium,20,15,0.6666666666666666,0.9047619047619048,0.26530612244897955,0.3702623906705539,0.46022490628904594,0.5373356339620392
S-B,S-B 창간+구조변경,high+medium,22,15,0.6666666666666666,0.9047619047619048,0.26530612244897955,0.3702623906705539,0.46022490628904594,0.5373356339620392
S-C,S-C 창간+구조+출판환경,high+medium,28,16,0.7142857142857143,0.9523809523809523,0.26530612244897955,0.3702623906705539,0.46022490628904594,0.5373356339620392
S-D,S-D 평판(첫 JIF·색인),high+medium,5,3,0.047619047619047616,0.19047619047619047,0.1791383219954648,0.25321239606953894,0.3187612157485821,0.3769047337467903
S-F,S-F 합집합,high+medium,39,21,0.8571428571428571,1.0,0.2518200262561163,0.352104751675106,0.4384749802375498,0.512889578907393
S-E,"비중 돌파(5%, 연속 2년)",n/a,6,6,0.2857142857142857,0.6666666666666666,0.25132275132275117,0.3517798653853074,0.4385047039727959,0.5134000930274086
